no_ (1).jpg,0
no_ (10).jpg,0
no_ (100).jpg,0
no_ (101).jpg,0
no_ (102).jpg,0
no_ (103).jpg,0
no_ (104).jpg,0
no_ (105).jpg,0
no_ (106).jpg,0
no_ (107).jpg,0
no_ (108).jpg,0
no_ (109).jpg,0
no_ (11).jpg,0
no_ (110).jpg,0
no_ (111).jpg,0
no_ (112).jpg,0
no_ (113).jpg,0
no_ (114).jpg,0
no_ (115).jpg,0
no_ (116).jpg,0
no_ (117).jpg,0
no_ (118).jpg,0
no_ (119).jpg,0
no_ (12).jpg,0
no_ (120).jpg,0
no_ (121).jpg,0
no_ (122).jpg,0
no_ (123).jpg,0
no_ (124).jpg,0
no_ (125).jpg,0
no_ (126).jpg,0
no_ (127).jpg,0
no_ (128).jpg,0
no_ (129).jpg,0
no_ (13).jpg,0
no_ (130).jpg,0
no_ (131).jpg,0
no_ (132).jpg,0
no_ (133).jpg,0
no_ (134).jpg,0
no_ (135).jpg,0
no_ (136).jpg,0
no_ (137).jpg,0
no_ (138).jpg,0
no_ (139).jpg,0
no_ (14).jpg,0
no_ (140).jpg,0
no_ (141).jpg,0
no_ (142).jpg,0
no_ (143).jpg,0
no_ (144).jpg,0
no_ (145).jpg,0
no_ (146).jpg,0
no_ (147).jpg,0
no_ (148).jpg,0
no_ (149).jpg,0
no_ (15).jpg,0
no_ (150).jpg,0
no_ (151).jpg,0
no_ (152).jpg,0
no_ (153).jpg,0
no_ (154).jpg,0
no_ (155).jpg,0
no_ (156).jpg,0
no_ (157).jpg,0
no_ (158).jpg,0
no_ (159).jpg,0
no_ (16).jpg,0
no_ (160).jpg,0
no_ (161).jpg,0
no_ (162).jpg,0
no_ (163).jpg,0
no_ (164).jpg,0
no_ (165).jpg,0
no_ (166).jpg,0
no_ (167).jpg,0
no_ (168).jpg,0
no_ (169).jpg,0
no_ (17).jpg,0
no_ (170).jpg,0
no_ (171).jpg,0
no_ (172).jpg,0
no_ (173).jpg,0
no_ (174).jpg,0
no_ (175).jpg,0
no_ (176).jpg,0
no_ (177).jpg,0
no_ (178).jpg,0
no_ (179).jpg,0
no_ (18).jpg,0
no_ (180).jpg,0
no_ (181).jpg,0
no_ (182).jpg,0
no_ (183).jpg,0
no_ (184).jpg,0
no_ (185).jpg,0
no_ (186).jpg,0
no_ (187).jpg,0
no_ (188).jpg,0
no_ (189).jpg,0
no_ (19).jpg,0
no_ (190).jpg,0
no_ (191).jpg,0
no_ (192).jpg,0
no_ (193).jpg,0
no_ (194).jpg,0
no_ (195).jpg,0
no_ (196).jpg,0
no_ (197).jpg,0
no_ (198).jpg,0
no_ (199).jpg,0
no_ (2).jpg,0
no_ (20).jpg,0
no_ (200).jpg,0
no_ (201).jpg,0
no_ (202).jpg,0
no_ (203).jpg,0
no_ (204).jpg,0
no_ (205).jpg,0
no_ (206).jpg,0
no_ (207).jpg,0
no_ (208).jpg,0
no_ (209).jpg,0
no_ (21).jpg,0
no_ (210).jpg,0
no_ (211).jpg,0
no_ (212).jpg,0
no_ (213).jpg,0
no_ (214).jpg,0
no_ (215).jpg,0
no_ (216).jpg,0
no_ (217).jpg,0
no_ (218).jpg,0
no_ (219).jpg,0
no_ (22).jpg,0
no_ (220).jpg,0
no_ (221).jpg,0
no_ (222).jpg,0
no_ (223).jpg,0
no_ (224).jpg,0
no_ (225).jpg,0
no_ (226).jpg,0
no_ (227).jpg,0
no_ (228).jpg,0
no_ (229).jpg,0
no_ (23).jpg,0
no_ (230).jpg,0
no_ (231).jpg,0
no_ (232).jpg,0
no_ (233).jpg,0
no_ (234).jpg,0
no_ (235).jpg,0
no_ (236).jpg,0
no_ (237).jpg,0
no_ (238).jpg,0
no_ (239).jpg,0
no_ (24).jpg,0
no_ (240).jpg,0
no_ (241).jpg,0
no_ (242).jpg,0
no_ (243).jpg,0
no_ (244).jpg,0
no_ (245).jpg,0
no_ (246).jpg,0
no_ (247).jpg,0
no_ (248).jpg,0
no_ (249).jpg,0
no_ (25).jpg,0
no_ (250).jpg,0
no_ (251).jpg,0
no_ (252).jpg,0
no_ (253).jpg,0
no_ (254).jpg,0
no_ (255).jpg,0
no_ (256).jpg,0
no_ (257).jpg,0
no_ (258).jpg,0
no_ (259).jpg,0
no_ (26).jpg,0
no_ (260).jpg,0
no_ (261).jpg,0
no_ (262).jpg,0
no_ (263).jpg,0
no_ (264).jpg,0
no_ (265).jpg,0
no_ (266).jpg,0
no_ (267).jpg,0
no_ (268).jpg,0
no_ (269).jpg,0
no_ (27).jpg,0
no_ (270).jpg,0
no_ (271).jpg,0
no_ (272).jpg,0
no_ (273).jpg,0
no_ (274).jpg,0
no_ (275).jpg,0
no_ (276).jpg,0
no_ (277).jpg,0
no_ (278).jpg,0
no_ (279).jpg,0
no_ (28).jpg,0
no_ (280).jpg,0
no_ (281).jpg,0
no_ (282).jpg,0
no_ (283).jpg,0
no_ (284).jpg,0
no_ (285).jpg,0
no_ (286).jpg,0
no_ (287).jpg,0
no_ (288).jpg,0
no_ (289).jpg,0
no_ (29).jpg,0
no_ (290).jpg,0
no_ (291).jpg,0
no_ (292).jpg,0
no_ (293).jpg,0
no_ (294).jpg,0
no_ (295).jpg,0
no_ (296).jpg,0
no_ (297).jpg,0
no_ (298).jpg,0
no_ (299).jpg,0
no_ (3).jpg,0
no_ (30).jpg,0
no_ (300).jpg,0
no_ (301).jpg,0
no_ (302).jpg,0
no_ (303).jpg,0
no_ (304).jpg,0
no_ (305).jpg,0
no_ (306).jpg,0
no_ (307).jpg,0
no_ (308).jpg,0
no_ (309).jpg,0
no_ (31).jpg,0
no_ (310).jpg,0
no_ (311).jpg,0
no_ (312).jpg,0
no_ (313).jpg,0
no_ (314).jpg,0
no_ (315).jpg,0
no_ (316).jpg,0
no_ (317).jpg,0
no_ (318).jpg,0
no_ (319).jpg,0
no_ (32).jpg,0
no_ (320).jpg,0
no_ (321).jpg,0
no_ (322).jpg,0
no_ (323).jpg,0
no_ (324).jpg,0
no_ (325).jpg,0
no_ (326).jpg,0
no_ (327).jpg,0
no_ (328).jpg,0
no_ (329).jpg,0
no_ (33).jpg,0
no_ (330).jpg,0
no_ (331).jpg,0
no_ (332).jpg,0
no_ (333).jpg,0
no_ (334).jpg,0
no_ (335).jpg,0
no_ (336).jpg,0
no_ (337).jpg,0
no_ (338).jpg,0
no_ (339).jpg,0
no_ (34).jpg,0
no_ (340).jpg,0
no_ (341).jpg,0
no_ (342).jpg,0
no_ (343).jpg,0
no_ (344).jpg,0
no_ (345).jpg,0
no_ (346).jpg,0
no_ (347).jpg,0
no_ (348).jpg,0
no_ (349).jpg,0
no_ (35).jpg,0
no_ (350).jpg,0
no_ (351).jpg,0
no_ (352).jpg,0
no_ (353).jpg,0
no_ (354).jpg,0
no_ (355).jpg,0
no_ (356).jpg,0
no_ (357).jpg,0
no_ (358).jpg,0
no_ (359).jpg,0
no_ (36).jpg,0
no_ (360).jpg,0
no_ (361).jpg,0
no_ (362).jpg,0
no_ (363).jpg,0
no_ (364).jpg,0
no_ (365).jpg,0
no_ (366).jpg,0
no_ (367).jpg,0
no_ (368).jpg,0
no_ (369).jpg,0
no_ (37).jpg,0
no_ (370).jpg,0
no_ (371).jpg,0
no_ (372).jpg,0
no_ (373).jpg,0
no_ (374).jpg,0
no_ (375).jpg,0
no_ (376).jpg,0
no_ (377).jpg,0
no_ (378).jpg,0
no_ (379).jpg,0
no_ (38).jpg,0
no_ (380).jpg,0
no_ (381).jpg,0
no_ (382).jpg,0
no_ (383).jpg,0
no_ (384).jpg,0
no_ (385).jpg,0
no_ (386).jpg,0
no_ (387).jpg,0
no_ (388).jpg,0
no_ (389).jpg,0
no_ (39).jpg,0
no_ (390).jpg,0
no_ (391).jpg,0
no_ (392).jpg,0
no_ (393).jpg,0
no_ (394).jpg,0
no_ (395).jpg,0
no_ (396).jpg,0
no_ (397).jpg,0
no_ (398).jpg,0
no_ (399).jpg,0
no_ (4).jpg,0
no_ (40).jpg,0
no_ (400).jpg,0
no_ (401).jpg,0
no_ (402).jpg,0
no_ (403).jpg,0
no_ (404).jpg,0
no_ (405).jpg,0
no_ (406).jpg,0
no_ (407).jpg,0
no_ (408).jpg,0
no_ (409).jpg,0
no_ (41).jpg,0
no_ (410).jpg,0
no_ (411).jpg,0
no_ (412).jpg,0
no_ (413).jpg,0
no_ (414).jpg,0
no_ (415).jpg,0
no_ (416).jpg,0
no_ (417).jpg,0
no_ (418).jpg,0
no_ (419).jpg,0
no_ (42).jpg,0
no_ (420).jpg,0
no_ (421).jpg,0
no_ (422).jpg,0
no_ (423).jpg,0
no_ (424).jpg,0
no_ (425).jpg,0
no_ (426).jpg,0
no_ (427).jpg,0
no_ (428).jpg,0
no_ (429).jpg,0
no_ (43).jpg,0
no_ (430).jpg,0
no_ (431).jpg,0
no_ (432).jpg,0
no_ (433).jpg,0
no_ (434).jpg,0
no_ (435).jpg,0
no_ (436).jpg,0
no_ (437).jpg,0
no_ (438).jpg,0
no_ (439).jpg,0
no_ (44).jpg,0
no_ (440).jpg,0
no_ (441).jpg,0
no_ (442).jpg,0
no_ (443).jpg,0
no_ (444).jpg,0
no_ (445).jpg,0
no_ (446).jpg,0
no_ (447).jpg,0
no_ (448).jpg,0
no_ (449).jpg,0
no_ (45).jpg,0
no_ (450).jpg,0
no_ (451).jpg,0
no_ (452).jpg,0
no_ (453).jpg,0
no_ (454).jpg,0
no_ (455).jpg,0
no_ (456).jpg,0
no_ (457).jpg,0
no_ (458).jpg,0
no_ (459).jpg,0
no_ (46).jpg,0
no_ (460).jpg,0
no_ (461).jpg,0
no_ (462).jpg,0
no_ (463).jpg,0
no_ (464).jpg,0
no_ (465).jpg,0
no_ (466).jpg,0
no_ (467).jpg,0
no_ (468).jpg,0
no_ (469).jpg,0
no_ (47).jpg,0
no_ (470).jpg,0
no_ (471).jpg,0
no_ (472).jpg,0
no_ (473).jpg,0
no_ (474).jpg,0
no_ (48).jpg,0
no_ (49).jpg,0
no_ (5).jpg,0
no_ (50).jpg,0
no_ (51).jpg,0
no_ (52).jpg,0
no_ (53).jpg,0
no_ (54).jpg,0
no_ (55).jpg,0
no_ (56).jpg,0
no_ (57).jpg,0
no_ (58).jpg,0
no_ (59).jpg,0
no_ (6).jpg,0
no_ (60).jpg,0
no_ (61).jpg,0
no_ (62).jpg,0
no_ (63).jpg,0
no_ (64).jpg,0
no_ (65).jpg,0
no_ (66).jpg,0
no_ (67).jpg,0
no_ (68).jpg,0
no_ (69).jpg,0
no_ (7).jpg,0
no_ (70).jpg,0
no_ (71).jpg,0
no_ (72).jpg,0
no_ (73).jpg,0
no_ (74).jpg,0
no_ (75).jpg,0
no_ (76).jpg,0
no_ (77).jpg,0
no_ (78).jpg,0
no_ (79).jpg,0
no_ (8).jpg,0
no_ (80).jpg,0
no_ (81).jpg,0
no_ (82).jpg,0
no_ (83).jpg,0
no_ (84).jpg,0
no_ (85).jpg,0
no_ (86).jpg,0
no_ (87).jpg,0
no_ (88).jpg,0
no_ (89).jpg,0
no_ (9).jpg,0
no_ (90).jpg,0
no_ (91).jpg,0
no_ (92).jpg,0
no_ (93).jpg,0
no_ (94).jpg,0
no_ (95).jpg,0
no_ (96).jpg,0
no_ (97).jpg,0
no_ (98).jpg,0
no_ (99).jpg,0
no_1.jpg,0
no_2.jpg,0
no_3.jpg,0
yes_ (1).jpg,1
yes_ (2).jpg,1
yes_1.jpg,1
yes_10.jpg,1
yes_2.jpg,1
yes_3.jpg,1
yes_4.jpg,1
yes_5.jpg,1
yes_6.jpg,1
yes_7.jpg,1
yes_9.jpg,1
yes_s-1-ConvertImage.jpg,1
yes_s-10-ConvertImage.jpg,1
yes_s-11-ConvertImage.jpg,1
yes_s-12-ConvertImage.jpg,1
yes_s-13-ConvertImage.jpg,1
yes_s-14-ConvertImage.jpg,1
yes_s-15-ConvertImage.jpg,1
yes_s-16-ConvertImage.jpg,1
yes_s-17-ConvertImage.jpg,1
yes_s-18-ConvertImage.jpg,1
yes_s-19-ConvertImage.jpg,1
yes_s-2-ConvertImage.jpg,1
yes_s-20-ConvertImage.jpg,1
yes_s-21-ConvertImage.jpg,1
yes_s-3-ConvertImage.jpg,1
yes_s-4-ConvertImage.jpg,1
yes_s-5-ConvertImage.jpg,1
yes_s-6-ConvertImage.jpg,1
yes_s-7-ConvertImage.jpg,1
yes_s-9-ConvertImage.jpg,1
